{
  "model": "Logistic Regression",
  "eval_year": 2026,
  "split": "validation",
  "accuracy": 0.8737228189677757,
  "macro_f1": 0.7317425666242603,
  "weighted_f1": 0.8722037021258653,
  "f1_oral": 0.6666666666666666,
  "accuracy_oral": 0.9900445375949699,
  "f1_poster": 0.7744807121661721,
  "accuracy_poster": 0.8805344511396385,
  "f1_reject": 0.9316060201943227,
  "accuracy_reject": 0.9059470788577417,
  "f1_spotlight": 0.5542168674698795,
  "accuracy_spotlight": 0.9709195703432014
}