{
  "model": "Decision Tree",
  "eval_year": 2025,
  "split": "validation",
  "accuracy": 0.7941970310391363,
  "macro_f1": 0.49943405302332694,
  "weighted_f1": 0.7948981957941843,
  "f1_oral": 0.12903225806451613,
  "accuracy_oral": 0.9817813765182186,
  "f1_poster": 0.6187845303867403,
  "accuracy_poster": 0.8137651821862348,
  "f1_reject": 0.8992700729927007,
  "accuracy_reject": 0.8603238866396761,
  "f1_spotlight": 0.35064935064935066,
  "accuracy_spotlight": 0.9325236167341431
}