{
  "model": "Decision Tree",
  "eval_year": 2025,
  "split": "eval",
  "accuracy": 0.7773400702235164,
  "macro_f1": 0.49593808776418263,
  "weighted_f1": 0.7814969128949819,
  "f1_oral": 0.1686046511627907,
  "accuracy_oral": 0.9755074077245868,
  "f1_poster": 0.6156088082901554,
  "accuracy_poster": 0.7966943564271645,
  "f1_reject": 0.8848469484758223,
  "accuracy_reject": 0.8443949644600497,
  "f1_spotlight": 0.31469194312796206,
  "accuracy_spotlight": 0.9380834118352317
}