{
  "model": "Decision Tree",
  "eval_year": 2025,
  "split": "eval",
  "accuracy": 0.778710285175987,
  "macro_f1": 0.49380186379347163,
  "weighted_f1": 0.7818517992433703,
  "f1_oral": 0.16455696202531644,
  "accuracy_oral": 0.9773914532842339,
  "f1_poster": 0.6186031541680077,
  "accuracy_poster": 0.7970369101652822,
  "f1_reject": 0.884654342871613,
  "accuracy_reject": 0.8439667722874026,
  "f1_spotlight": 0.30739299610894943,
  "accuracy_spotlight": 0.9390254346150553
}