{
  "model": "Baseline Threshold",
  "eval_year": 2025,
  "split": "eval",
  "accuracy": 0.4582512631669093,
  "macro_f1": 0.3407919009867688,
  "weighted_f1": 0.4482288922890994,
  "f1_oral": 0.0,
  "accuracy_oral": 0.9701121863492336,
  "f1_poster": 0.0026850142641382784,
  "accuracy_poster": 0.4910507835916759,
  "f1_reject": 0.620128053707963,
  "accuracy_reject": 0.4766635265907339,
  "f1_spotlight": 0.7403545359749739,
  "accuracy_spotlight": 0.9786760298021752
}