{
  "model": "TabPFN",
  "eval_year": 2025,
  "split": "eval",
  "accuracy": 0.8790785304444635,
  "macro_f1": 0.6180580147489277,
  "weighted_f1": 0.8734286930703158,
  "f1_oral": 0.1794871794871795,
  "accuracy_oral": 0.983557420570352,
  "f1_poster": 0.8034755134281201,
  "accuracy_poster": 0.8934657874454055,
  "f1_reject": 0.9344477016154182,
  "accuracy_reject": 0.909994005309583,
  "f1_spotlight": 0.5548216644649934,
  "accuracy_spotlight": 0.9711398475635865
}