{
  "model": "Decision Tree",
  "eval_year": 2025,
  "split": "eval",
  "accuracy": 0.7833347606405755,
  "macro_f1": 0.49840217425469935,
  "weighted_f1": 0.7861011475334427,
  "f1_oral": 0.15625,
  "accuracy_oral": 0.9768776226770575,
  "f1_poster": 0.6277160791887977,
  "accuracy_poster": 0.801918300933459,
  "f1_reject": 0.8868079721607086,
  "accuracy_reject": 0.8467928406268733,
  "f1_spotlight": 0.3228346456692913,
  "accuracy_spotlight": 0.9410807570437613
}