{
  "model": "TabPFN",
  "eval_year": 2025,
  "split": "validation",
  "accuracy": 0.8461538461538461,
  "macro_f1": 0.5446714638068014,
  "weighted_f1": 0.838976172340758,
  "f1_oral": 0.1111111111111111,
  "accuracy_oral": 0.9892037786774629,
  "f1_poster": 0.7087248322147651,
  "accuracy_poster": 0.8535762483130904,
  "f1_reject": 0.9255165785679962,
  "accuracy_reject": 0.8954116059379217,
  "f1_spotlight": 0.43333333333333335,
  "accuracy_spotlight": 0.9541160593792173
}