{
  "model": "CatBoost",
  "eval_year": 2025,
  "split": "eval",
  "accuracy": 0.8779652307955811,
  "macro_f1": 0.6458900004901118,
  "weighted_f1": 0.8745140884883257,
  "f1_oral": 0.25203252032520324,
  "accuracy_oral": 0.9842425280465873,
  "f1_poster": 0.8031350852927617,
  "accuracy_poster": 0.8902971653678171,
  "f1_reject": 0.932263364084418,
  "accuracy_reject": 0.9081955981844652,
  "f1_spotlight": 0.5961290322580645,
  "accuracy_spotlight": 0.9731951699922925
}