{
  "model": "Decision Tree",
  "eval_year": 2025,
  "split": "eval",
  "accuracy": 0.7978932945105763,
  "macro_f1": 0.5342040799863548,
  "weighted_f1": 0.7999576356496577,
  "f1_oral": 0.2674772036474164,
  "accuracy_oral": 0.9793611372784106,
  "f1_poster": 0.6441456215152509,
  "accuracy_poster": 0.8141645970711655,
  "f1_reject": 0.8974874371859296,
  "accuracy_reject": 0.8602380748479918,
  "f1_spotlight": 0.32770605759682225,
  "accuracy_spotlight": 0.9420227798235848
}