{
  "model": "Logistic Regression",
  "eval_year": 2025,
  "split": "eval",
  "accuracy": 0.8742827781108161,
  "macro_f1": 0.6333500384972913,
  "weighted_f1": 0.8707789575618523,
  "f1_oral": 0.296875,
  "accuracy_oral": 0.9845850817847049,
  "f1_poster": 0.7949595519601742,
  "accuracy_poster": 0.8871285432902286,
  "f1_reject": 0.9329563305058122,
  "accuracy_reject": 0.9086237903571123,
  "f1_spotlight": 0.5086092715231788,
  "accuracy_spotlight": 0.9682281407895864
}