{
  "model": "Logistic Regression",
  "eval_year": 2025,
  "split": "validation",
  "accuracy": 0.8468286099865048,
  "macro_f1": 0.591648234629792,
  "weighted_f1": 0.8415773881618112,
  "f1_oral": 0.2727272727272727,
  "accuracy_oral": 0.9892037786774629,
  "f1_poster": 0.7108108108108108,
  "accuracy_poster": 0.8556005398110661,
  "f1_reject": 0.9240384615384616,
  "accuracy_reject": 0.893387314439946,
  "f1_spotlight": 0.45901639344262296,
  "accuracy_spotlight": 0.9554655870445344
}