{
  "model": "Baseline Threshold",
  "eval_year": 2025,
  "split": "eval",
  "accuracy": 0.8739402243726985,
  "macro_f1": 0.6181271889243567,
  "weighted_f1": 0.8709190179100638,
  "f1_oral": 0.011461318051575931,
  "accuracy_oral": 0.9704547400873512,
  "f1_poster": 0.7883873133076019,
  "accuracy_poster": 0.8920099340584055,
  "f1_reject": 0.9323055883632747,
  "accuracy_reject": 0.9067397447974651,
  "f1_spotlight": 0.7403545359749739,
  "accuracy_spotlight": 0.9786760298021752
}