{
  "model": "TabPFN",
  "eval_year": 2026,
  "split": "validation",
  "accuracy": 0.8797484935813467,
  "macro_f1": 0.7766170095206386,
  "weighted_f1": 0.877468531302705,
  "f1_oral": 0.7142857142857143,
  "accuracy_oral": 0.9916164527115536,
  "f1_poster": 0.7724645296899633,
  "accuracy_poster": 0.8865601257532093,
  "f1_reject": 0.9313119970054277,
  "accuracy_reject": 0.90385119203563,
  "f1_spotlight": 0.6884057971014492,
  "accuracy_spotlight": 0.9774692166623002
}